{
  "GlobalConfiguration": {
    "BaseUrl": "http://localhost:5071"
  },
  "Routes": [
    {
      "UpstreamPathTemplate": "/gateway/student",
      "UpstreamHttpMethod": [ "Get" ],
      "DownstreamPathTemplate": "/api/student",
      "DownstreamScheme": "http",
      "DownstreamHostAndPorts": [
        {
          "Host": "localhost",
          "Port": 5176
        }
      ]
    },
    {
      "UpstreamPathTemplate": "/gateway/student/{Id}",
      "UpstreamHttpMethod": [ "Get" ],
      "DownstreamPathTemplate": "/api/student/{Id}",
      "DownstreamScheme": "http",
      "DownstreamHostAndPorts": [
        {
          "Host": "localhost",
          "Port": 5176
        }
      ]
    }

  ]
}
